agent,task,condition,rep,target_etld1,records,unique_hosts,third_party_hosts,rq3_blocks_search,rq3_blocks_offdomain,rq3_blocks_cmp,task_success,duration_seconds,return_code
browser-use,Amazon--32,C0,1,amazon.com,953,53,49,0,0,0,success,36.3,0
browser-use,ArXiv--17,C0,1,arxiv.org,649,23,21,0,0,0,success,37.5,0
browser-use,Booking--3,C0,1,booking.com,320,42,37,0,0,0,success,49.7,0
browser-use,Coursera--21,C0,1,coursera.org,465,11,10,0,0,0,success,33.0,0
browser-use,Google_Map--35,C0,1,google.com,680,22,18,0,0,0,success,40.3,0
browser-use,Google_Search--28,C0,1,google.com,1778,239,234,0,0,0,success,76.4,0
browser-use,Amazon--32,C1,1,amazon.com,676,52,48,0,0,0,success,54.0,0
browser-use,ArXiv--17,C1,1,arxiv.org,65,13,11,2,0,0,success,42.8,0
browser-use,Booking--3,C1,1,booking.com,311,42,37,0,0,0,success,43.8,0
browser-use,Coursera--21,C1,1,coursera.org,512,11,10,0,0,0,success,41.1,0
browser-use,Google_Map--35,C1,1,google.com,109,13,9,2,0,0,success,40.1,0
browser-use,Google_Search--28,C1,1,google.com,1097,213,208,2,0,0,success,52.2,0
browser-use,Amazon--32,C2,1,amazon.com,865,17,13,0,3,0,success,47.7,0
browser-use,ArXiv--17,C2,1,arxiv.org,105,14,13,0,3,0,success,34.7,0
browser-use,Booking--3,C2,1,booking.com,808,44,37,0,6,0,success,47.0,0
browser-use,Coursera--21,C2,1,coursera.org,336,11,10,0,0,0,success,41.4,0
browser-use,Google_Map--35,C2,1,google.com,95,13,9,0,4,0,success,72.3,0
browser-use,Google_Search--28,C2,1,google.com,94,13,9,0,4,0,success,30.5,0
browser-use,Amazon--32,C3,1,amazon.com,946,16,11,0,4,0,success,59.4,0
browser-use,ArXiv--17,C3,1,arxiv.org,43,10,8,2,0,0,success,20.5,0
browser-use,Booking--3,C3,1,booking.com,615,41,34,0,9,0,success,46.9,0
browser-use,Coursera--21,C3,1,coursera.org,513,11,10,0,0,0,success,40.5,0
browser-use,Google_Map--35,C3,1,google.com,77,12,6,3,2,0,success,52.8,0
browser-use,Google_Search--28,C3,1,google.com,22,9,5,0,1,0,success,31.6,0
browser-use,Amazon--32,C4,1,amazon.com,757,52,48,0,0,0,success,51.1,0
browser-use,ArXiv--17,C4,1,arxiv.org,482,20,18,0,0,0,success,52.7,0
browser-use,Booking--3,C4,1,booking.com,755,49,43,0,0,6,success,54.7,0
browser-use,Coursera--21,C4,1,coursera.org,510,11,10,0,0,0,success,43.5,0
browser-use,Google_Map--35,C4,1,google.com,973,70,65,0,0,0,success,68.9,0
browser-use,Google_Search--28,C4,1,google.com,596,16,12,0,0,0,success,35.8,0
browser-use,Amazon--32,C5,1,amazon.com,707,54,50,0,0,0,success,48.8,0
browser-use,ArXiv--17,C5,1,arxiv.org,535,19,17,0,0,0,success,59.9,0
browser-use,Booking--3,C5,1,booking.com,315,42,37,0,0,0,success,37.8,0
browser-use,Coursera--21,C5,1,coursera.org,460,11,10,0,0,0,success,19.7,0
browser-use,Google_Map--35,C5,1,google.com,652,22,18,0,0,0,success,38.4,0
browser-use,Google_Search--28,C5,1,google.com,706,30,26,0,0,0,success,47.0,0
browser-use,Amazon--32,C6,1,amazon.com,753,54,50,0,0,0,success,55.6,0
browser-use,ArXiv--17,C6,1,arxiv.org,60,12,10,0,0,0,success,60.3,0
browser-use,Booking--3,C6,1,booking.com,293,38,34,0,0,2,success,44.2,0
browser-use,Coursera--21,C6,1,coursera.org,467,11,10,0,0,0,success,28.3,0
browser-use,Google_Map--35,C6,1,google.com,175,16,12,0,0,0,success,31.1,0
browser-use,Google_Search--28,C6,1,google.com,797,210,205,4,0,1,success,47.0,0
browser-use,Amazon--32,C7,1,amazon.com,833,13,9,0,3,0,success,36.9,0
browser-use,ArXiv--17,C7,1,arxiv.org,92,11,10,0,4,0,success,29.9,0
browser-use,Booking--3,C7,1,booking.com,153,14,13,0,4,0,success,72.7,0
browser-use,Coursera--21,C7,1,coursera.org,470,11,10,0,0,0,success,26.0,0
browser-use,Google_Map--35,C7,1,google.com,94,12,8,0,5,0,success,30.0,0
browser-use,Google_Search--28,C7,1,google.com,96,12,8,0,5,0,success,53.7,0
browser-use,Amazon--32,C8,1,amazon.com,1149,13,9,0,5,0,success,53.5,0
browser-use,ArXiv--17,C8,1,arxiv.org,76,11,10,3,1,0,success,43.8,0
browser-use,Booking--3,C8,1,booking.com,788,38,32,0,12,6,success,36.9,0
browser-use,Coursera--21,C8,1,coursera.org,514,11,10,0,0,0,success,40.9,0
browser-use,Google_Map--35,C8,1,google.com,164,19,15,0,1,0,success,29.3,0
browser-use,Google_Search--28,C8,1,google.com,18,8,4,0,0,0,success,27.4,0
fara-7b,Amazon--32,C0,1,amazon.com,1355,33,27,0,0,0,success,72.7,0
fara-7b,Amazon--32,C0,2,amazon.com,2312,32,26,0,0,0,hit_max_rounds,121.2,0
fara-7b,Amazon--32,C0,3,amazon.com,1356,55,48,0,0,0,success,72.0,0
fara-7b,Apple--29,C0,1,apple.com,336,4,1,0,0,0,hit_max_rounds,98.9,0
fara-7b,ArXiv--17,C0,1,arxiv.org,247,13,11,0,0,0,success,61.1,0
fara-7b,ArXiv--17,C0,2,arxiv.org,235,13,11,0,0,0,success,48.7,0
fara-7b,ArXiv--17,C0,3,arxiv.org,239,13,11,0,0,0,success,49.5,0
fara-7b,Booking--3,C0,1,booking.com,788,58,50,0,0,0,hit_max_rounds,109.2,0
fara-7b,Booking--3,C0,2,booking.com,704,57,49,0,0,0,hit_max_rounds,108.6,0
fara-7b,Booking--3,C0,3,booking.com,747,55,48,0,0,0,hit_max_rounds,110.0,0
fara-7b,Coursera--21,C0,1,coursera.org,812,40,38,0,0,0,success,40.0,0
fara-7b,Coursera--21,C0,2,coursera.org,555,39,37,0,0,0,success,28.8,0
fara-7b,Coursera--21,C0,3,coursera.org,554,39,37,0,0,0,success,30.7,0
fara-7b,GitHub--35,C0,1,github.com,438,10,7,0,0,0,success,37.3,0
fara-7b,Google_Flights--34,C0,1,google.com,143,11,8,0,0,0,hit_max_rounds,108.5,0
fara-7b,Google_Map--35,C0,1,google.com,507,14,9,0,0,0,success,29.2,0
fara-7b,Google_Map--35,C0,2,google.com,1082,86,79,0,0,0,hit_max_rounds,165.0,0
fara-7b,Google_Map--35,C0,3,google.com,802,76,69,0,0,0,agent_error,73.4,0
fara-7b,Google_Search--28,C0,1,google.com,246,13,10,0,0,0,success,26.7,0
fara-7b,Google_Search--28,C0,2,google.com,1619,305,301,0,0,0,agent_error,55.8,0
fara-7b,Google_Search--28,C0,3,google.com,266,13,10,0,0,0,success,26.3,0
fara-7b,Huggingface--14,C0,1,huggingface.co,128,10,8,0,0,0,success,23.9,0
fara-7b,Amazon--32,C1,1,amazon.com,1368,35,30,0,0,0,success,68.7,0
fara-7b,Apple--29,C1,1,apple.com,200,3,0,0,0,0,success,83.8,0
fara-7b,ArXiv--17,C1,1,arxiv.org,97,6,4,0,0,0,success,81.4,0
fara-7b,Booking--3,C1,1,booking.com,699,54,47,0,0,0,hit_max_rounds,106.3,0
fara-7b,Coursera--21,C1,1,coursera.org,542,39,37,0,0,0,success,26.6,0
fara-7b,GitHub--35,C1,1,github.com,302,7,4,0,0,0,success,24.6,0
fara-7b,Google_Flights--34,C1,1,google.com,142,11,8,0,0,0,hit_max_rounds,106.8,0
fara-7b,Google_Map--35,C1,1,google.com,829,78,71,46,0,0,success,162.2,0
fara-7b,Google_Search--28,C1,1,google.com,236,19,16,1,0,0,success,55.2,0
fara-7b,Huggingface--14,C1,1,huggingface.co,128,10,8,0,0,0,success,23.3,0
fara-7b,Amazon--32,C2,1,amazon.com,1121,13,6,0,12,0,success,71.8,0
fara-7b,Amazon--32,C2,2,amazon.com,1136,14,9,0,6,0,success,53.6,0
fara-7b,Amazon--32,C2,3,amazon.com,1386,11,5,0,20,0,success,98.9,0
fara-7b,Apple--29,C2,1,apple.com,308,5,1,0,0,0,hit_max_rounds,98.2,0
fara-7b,ArXiv--17,C2,1,arxiv.org,85,7,5,0,7,0,hit_max_rounds,94.5,0
fara-7b,ArXiv--17,C2,2,arxiv.org,102,7,5,0,8,0,hit_max_rounds,94.8,0
fara-7b,ArXiv--17,C2,3,arxiv.org,91,7,5,0,5,0,hit_max_rounds,94.2,0
fara-7b,Booking--3,C2,1,booking.com,756,50,42,0,14,0,hit_max_rounds,102.9,0
fara-7b,Booking--3,C2,2,booking.com,678,47,39,0,10,0,hit_max_rounds,107.3,0
fara-7b,Booking--3,C2,3,booking.com,712,49,41,0,15,0,hit_max_rounds,104.0,0
fara-7b,Coursera--21,C2,1,coursera.org,842,38,36,0,2,0,success,30.3,0
fara-7b,Coursera--21,C2,2,coursera.org,832,39,37,0,2,0,success,34.5,0
fara-7b,Coursera--21,C2,3,coursera.org,826,39,37,0,2,0,success,30.9,0
fara-7b,GitHub--35,C2,1,github.com,180,5,2,0,5,0,hit_max_rounds,93.9,0
fara-7b,Google_Flights--34,C2,1,google.com,142,11,8,0,0,0,hit_max_rounds,107.6,0
fara-7b,Google_Map--35,C2,1,google.com,395,14,9,0,11,0,hit_max_rounds,98.6,0
fara-7b,Google_Map--35,C2,2,google.com,408,14,9,0,5,0,success,65.3,0
fara-7b,Google_Map--35,C2,3,google.com,375,14,9,0,8,0,hit_max_rounds,92.8,0
fara-7b,Google_Search--28,C2,1,google.com,104,7,4,0,10,0,hit_max_rounds,93.9,0
fara-7b,Google_Search--28,C2,2,google.com,66,6,3,0,4,0,success,37.4,0
fara-7b,Google_Search--28,C2,3,google.com,97,7,4,0,6,0,success,78.8,0
fara-7b,Huggingface--14,C2,1,huggingface.co,120,7,5,0,2,0,success,23.1,0
fara-7b,Amazon--32,C3,1,amazon.com,871,13,8,0,10,0,success,47.6,0
fara-7b,Apple--29,C3,1,apple.com,185,3,0,0,0,0,success,66.0,0
fara-7b,ArXiv--17,C3,1,arxiv.org,108,6,4,0,0,0,success,94.7,0
fara-7b,Booking--3,C3,1,booking.com,356,33,28,0,7,0,hit_max_rounds,104.3,0
fara-7b,Coursera--21,C3,1,coursera.org,654,38,36,0,1,0,success,43.8,0
fara-7b,GitHub--35,C3,1,github.com,323,7,4,0,0,0,success,31.3,0
fara-7b,Google_Flights--34,C3,1,google.com,143,11,8,0,0,0,hit_max_rounds,106.8,0
fara-7b,Google_Map--35,C3,1,google.com,354,12,7,35,0,0,hit_max_rounds,81.9,0
fara-7b,Google_Search--28,C3,1,google.com,167,5,2,3,0,0,hit_max_rounds,84.7,0
fara-7b,Huggingface--14,C3,1,huggingface.co,120,7,5,0,2,0,success,23.4,0
fara-7b,Amazon--32,C4,1,amazon.com,1380,35,29,0,0,0,success,68.7,0
fara-7b,Apple--29,C4,1,apple.com,294,3,0,0,0,0,success,91.7,0
fara-7b,ArXiv--17,C4,1,arxiv.org,234,12,10,0,0,0,success,39.7,0
fara-7b,Booking--3,C4,1,booking.com,624,54,47,0,0,4,hit_max_rounds,109.7,0
fara-7b,Coursera--21,C4,1,coursera.org,293,9,8,0,0,2,success,25.7,0
fara-7b,GitHub--35,C4,1,github.com,404,10,7,0,0,0,success,42.8,0
fara-7b,Google_Flights--34,C4,1,google.com,142,11,8,0,0,0,hit_max_rounds,103.0,0
fara-7b,Google_Map--35,C4,1,google.com,785,24,19,0,0,0,success,63.7,0
fara-7b,Google_Search--28,C4,1,google.com,441,27,24,0,0,0,success,36.8,0
fara-7b,Huggingface--14,C4,1,huggingface.co,128,10,8,0,0,0,success,23.1,0
fara-7b,Amazon--32,C5,1,amazon.com,1404,52,46,0,0,0,success,70.7,0
fara-7b,Apple--29,C5,1,apple.com,295,3,0,0,0,0,success,90.4,0
fara-7b,ArXiv--17,C5,1,arxiv.org,60,5,3,0,0,0,success,46.1,0
fara-7b,Booking--3,C5,1,booking.com,774,59,52,0,0,0,hit_max_rounds,105.7,0
fara-7b,Coursera--21,C5,1,coursera.org,809,40,38,0,0,0,success,29.1,0
fara-7b,GitHub--35,C5,1,github.com,479,10,7,0,0,0,success,48.9,0
fara-7b,Google_Flights--34,C5,1,google.com,121,11,8,0,0,0,hit_max_rounds,105.7,0
fara-7b,Google_Map--35,C5,1,google.com,420,13,8,0,0,0,success,39.4,0
fara-7b,Google_Search--28,C5,1,google.com,385,14,11,0,0,0,success,53.7,0
fara-7b,Huggingface--14,C5,1,huggingface.co,128,10,8,0,0,0,success,23.2,0
fara-7b,Amazon--32,C6,1,amazon.com,1943,55,50,0,0,0,hit_max_rounds,120.7,0
fara-7b,Apple--29,C6,1,apple.com,295,3,0,0,0,0,success,83.5,0
fara-7b,ArXiv--17,C6,1,arxiv.org,60,5,3,0,0,0,hit_max_rounds,101.5,0
fara-7b,Booking--3,C6,1,booking.com,599,51,45,0,0,4,hit_max_rounds,109.7,0
fara-7b,Coursera--21,C6,1,coursera.org,437,9,8,0,0,3,success,27.8,0
fara-7b,GitHub--35,C6,1,github.com,318,7,4,0,0,0,success,30.7,0
fara-7b,Google_Flights--34,C6,1,google.com,130,11,8,0,0,0,hit_max_rounds,105.1,0
fara-7b,Google_Map--35,C6,1,google.com,1015,80,73,54,0,0,success,197.1,0
fara-7b,Google_Search--28,C6,1,google.com,1565,301,297,1,0,1,agent_error,101.9,0
fara-7b,Huggingface--14,C6,1,huggingface.co,129,10,8,0,0,0,success,25.1,0
fara-7b,Amazon--32,C7,1,amazon.com,1098,12,6,0,11,0,success,74.4,0
fara-7b,Amazon--32,C7,2,amazon.com,1075,12,6,0,13,0,success,66.5,0
fara-7b,Amazon--32,C7,3,amazon.com,1096,15,9,0,13,0,success,68.3,0
fara-7b,Apple--29,C7,1,apple.com,282,3,0,0,0,0,success,72.6,0
fara-7b,ArXiv--17,C7,1,arxiv.org,59,6,4,0,11,0,hit_max_rounds,92.7,0
fara-7b,ArXiv--17,C7,2,arxiv.org,114,7,5,0,3,0,hit_max_rounds,94.9,0
fara-7b,ArXiv--17,C7,3,arxiv.org,86,7,5,0,3,0,hit_max_rounds,93.7,0
fara-7b,Booking--3,C7,1,booking.com,664,44,37,0,14,4,hit_max_rounds,105.0,0
fara-7b,Booking--3,C7,2,booking.com,616,45,38,0,11,4,hit_max_rounds,107.1,0
fara-7b,Booking--3,C7,3,booking.com,587,40,34,0,11,4,hit_max_rounds,110.9,0
fara-7b,Coursera--21,C7,1,coursera.org,338,9,8,0,0,2,success,41.9,0
fara-7b,Coursera--21,C7,2,coursera.org,431,10,9,0,0,3,success,27.8,0
fara-7b,Coursera--21,C7,3,coursera.org,429,10,9,0,0,3,success,26.3,0
fara-7b,GitHub--35,C7,1,github.com,203,5,2,0,8,0,hit_max_rounds,96.1,0
fara-7b,Google_Flights--34,C7,1,google.com,121,11,8,0,0,0,hit_max_rounds,106.2,0
fara-7b,Google_Map--35,C7,1,google.com,539,14,9,0,0,0,success,28.8,0
fara-7b,Google_Map--35,C7,2,google.com,379,14,9,0,4,0,success,86.5,0
fara-7b,Google_Map--35,C7,3,google.com,371,14,9,0,1,0,success,47.2,0
fara-7b,Google_Search--28,C7,1,google.com,152,7,4,0,9,0,hit_max_rounds,93.9,0
fara-7b,Google_Search--28,C7,2,google.com,91,7,4,0,3,0,success,35.0,0
fara-7b,Google_Search--28,C7,3,google.com,109,7,4,0,12,0,hit_max_rounds,93.0,0
fara-7b,Huggingface--14,C7,1,huggingface.co,120,7,5,0,2,0,success,23.1,0
fara-7b,Amazon--32,C8,1,amazon.com,1365,11,5,0,14,0,success,102.2,0
fara-7b,Amazon--32,C8,2,amazon.com,918,14,7,0,10,0,success,47.1,0
fara-7b,Amazon--32,C8,3,amazon.com,919,11,5,0,12,0,success,45.6,0
fara-7b,Apple--29,C8,1,apple.com,65,3,0,0,0,0,hit_max_rounds,86.6,0
fara-7b,ArXiv--17,C8,1,arxiv.org,86,6,4,0,0,0,success,80.1,0
fara-7b,ArXiv--17,C8,2,arxiv.org,91,6,4,0,0,0,success,53.7,0
fara-7b,ArXiv--17,C8,3,arxiv.org,13,1,0,0,0,0,hit_max_rounds,66.0,0
fara-7b,Booking--3,C8,1,booking.com,783,44,37,0,10,6,hit_max_rounds,109.8,0
fara-7b,Booking--3,C8,2,booking.com,355,30,26,0,8,2,hit_max_rounds,103.9,0
fara-7b,Booking--3,C8,3,booking.com,558,40,34,0,10,5,hit_max_rounds,108.8,0
fara-7b,Coursera--21,C8,1,coursera.org,435,10,9,0,0,3,success,27.4,0
fara-7b,Coursera--21,C8,2,coursera.org,434,9,8,0,0,3,success,32.5,0
fara-7b,Coursera--21,C8,3,coursera.org,295,9,8,0,0,2,success,25.3,0
fara-7b,GitHub--35,C8,1,github.com,324,7,4,0,0,0,success,32.0,0
fara-7b,Google_Flights--34,C8,1,google.com,142,11,8,0,0,0,hit_max_rounds,105.6,0
fara-7b,Google_Map--35,C8,1,google.com,425,12,7,51,0,0,hit_max_rounds,86.4,0
fara-7b,Google_Map--35,C8,2,google.com,369,12,7,22,0,0,hit_max_rounds,107.3,0
fara-7b,Google_Map--35,C8,3,google.com,335,12,7,25,0,0,hit_max_rounds,81.0,0
fara-7b,Google_Search--28,C8,1,google.com,122,5,2,2,0,0,hit_max_rounds,68.4,0
fara-7b,Google_Search--28,C8,2,google.com,75,5,2,1,0,0,hit_max_rounds,101.2,0
fara-7b,Google_Search--28,C8,3,google.com,168,5,2,3,0,0,hit_max_rounds,90.3,0
fara-7b,Huggingface--14,C8,1,huggingface.co,121,7,5,0,2,0,success,23.2,0
