agent,condition,task,rep,pseudo_id_count
browser-use,C0,Amazon--32,01,723
browser-use,C0,ArXiv--17,01,592
browser-use,C0,Booking--3,01,213
browser-use,C0,Coursera--21,01,168
browser-use,C0,Google_Map--35,01,636
browser-use,C0,Google_Search--28,01,3394
browser-use,C1,Amazon--32,01,502
browser-use,C1,ArXiv--17,01,2
browser-use,C1,Booking--3,01,211
browser-use,C1,Coursera--21,01,213
browser-use,C1,Google_Map--35,01,61
browser-use,C1,Google_Search--28,01,1895
browser-use,C1P,Amazon--32,01,630
browser-use,C1P,Amazon--32,02,621
browser-use,C1P,Apple--29,01,345
browser-use,C1P,Apple--29,02,350
browser-use,C1P,ArXiv--17,01,54
browser-use,C1P,ArXiv--17,02,16
browser-use,C1P,Booking--3,01,493
browser-use,C1P,Booking--3,02,860
browser-use,C1P,Coursera--21,01,274
browser-use,C1P,Coursera--21,02,212
browser-use,C1P,GitHub--35,01,30
browser-use,C1P,GitHub--35,02,52
browser-use,C1P,Google_Flights--34,01,107
browser-use,C1P,Google_Flights--34,02,87
browser-use,C1P,Google_Map--35,01,554
browser-use,C1P,Google_Map--35,02,433
browser-use,C1P,Google_Search--28,01,1171
browser-use,C1P,Google_Search--28,02,2088
browser-use,C1P,Huggingface--14,01,20
browser-use,C1P,Huggingface--14,02,18
browser-use,C1S,Amazon--32,01,1056
browser-use,C1S,Amazon--32,02,578
browser-use,C1S,Apple--29,01,1032
browser-use,C1S,Apple--29,02,339
browser-use,C1S,ArXiv--17,01,856
browser-use,C1S,ArXiv--17,02,145
browser-use,C1S,Booking--3,01,870
browser-use,C1S,Booking--3,02,884
browser-use,C1S,Coursera--21,01,214
browser-use,C1S,Coursera--21,02,246
browser-use,C1S,GitHub--35,01,17
browser-use,C1S,GitHub--35,02,20
browser-use,C1S,Google_Flights--34,01,114
browser-use,C1S,Google_Flights--34,02,114
browser-use,C1S,Google_Map--35,01,399
browser-use,C1S,Google_Map--35,02,1058
browser-use,C1S,Google_Search--28,01,1826
browser-use,C1S,Google_Search--28,02,2231
browser-use,C1S,Huggingface--14,01,441
browser-use,C1S,Huggingface--14,02,73
browser-use,C2,Amazon--32,01,492
browser-use,C2,ArXiv--17,01,33
browser-use,C2,Booking--3,01,383
browser-use,C2,Coursera--21,01,152
browser-use,C2,Google_Map--35,01,23
browser-use,C2,Google_Search--28,01,19
browser-use,C2P,Amazon--32,01,321
browser-use,C2P,Amazon--32,02,811
browser-use,C2P,Apple--29,01,43
browser-use,C2P,Apple--29,02,51
browser-use,C2P,ArXiv--17,01,43
browser-use,C2P,ArXiv--17,02,32
browser-use,C2P,Booking--3,01,61
browser-use,C2P,Booking--3,02,1638
browser-use,C2P,Coursera--21,01,212
browser-use,C2P,Coursera--21,02,190
browser-use,C2P,GitHub--35,01,31
browser-use,C2P,GitHub--35,02,20
browser-use,C2P,Google_Flights--34,01,92
browser-use,C2P,Google_Flights--34,02,80
browser-use,C2P,Google_Map--35,01,33
browser-use,C2P,Google_Map--35,02,120
browser-use,C2P,Google_Search--28,01,106
browser-use,C2P,Google_Search--28,02,25
browser-use,C2P,Huggingface--14,01,29
browser-use,C2P,Huggingface--14,02,19
browser-use,C2S,Amazon--32,01,0
browser-use,C2S,Amazon--32,02,2
browser-use,C2S,Apple--29,01,0
browser-use,C2S,Apple--29,02,571
browser-use,C2S,ArXiv--17,01,557
browser-use,C2S,ArXiv--17,02,565
browser-use,C2S,Booking--3,01,569
browser-use,C2S,Booking--3,02,0
browser-use,C2S,Coursera--21,01,0
browser-use,C2S,Coursera--21,02,513
browser-use,C2S,GitHub--35,01,15
browser-use,C2S,GitHub--35,02,579
browser-use,C2S,Google_Flights--34,01,15
browser-use,C2S,Google_Flights--34,02,0
browser-use,C2S,Google_Map--35,01,572
browser-use,C2S,Google_Map--35,02,568
browser-use,C2S,Google_Search--28,01,561
browser-use,C2S,Google_Search--28,02,15
browser-use,C2S,Huggingface--14,01,15
browser-use,C2S,Huggingface--14,02,558
browser-use,C3,Amazon--32,01,587
browser-use,C3,ArXiv--17,01,1
browser-use,C3,Booking--3,01,315
browser-use,C3,Coursera--21,01,214
browser-use,C3,Google_Map--35,01,59
browser-use,C3,Google_Search--28,01,6
browser-use,C4,Amazon--32,01,654
browser-use,C4,ArXiv--17,01,429
browser-use,C4,Booking--3,01,337
browser-use,C4,Coursera--21,01,210
browser-use,C4,Google_Map--35,01,881
browser-use,C4,Google_Search--28,01,521
browser-use,C5,Amazon--32,01,551
browser-use,C5,ArXiv--17,01,462
browser-use,C5,Booking--3,01,214
browser-use,C5,Coursera--21,01,166
browser-use,C5,Google_Map--35,01,560
browser-use,C5,Google_Search--28,01,771
browser-use,C6,Amazon--32,01,618
browser-use,C6,ArXiv--17,01,2
browser-use,C6,Booking--3,01,171
browser-use,C6,Coursera--21,01,173
browser-use,C6,Google_Map--35,01,121
browser-use,C6,Google_Search--28,01,1522
browser-use,C7,Amazon--32,01,429
browser-use,C7,ArXiv--17,01,15
browser-use,C7,Booking--3,01,79
browser-use,C7,Coursera--21,01,175
browser-use,C7,Google_Map--35,01,21
browser-use,C7,Google_Search--28,01,21
browser-use,C8,Amazon--32,01,625
browser-use,C8,ArXiv--17,01,61
browser-use,C8,Booking--3,01,299
browser-use,C8,Coursera--21,01,215
browser-use,C8,Google_Map--35,01,109
browser-use,C8,Google_Search--28,01,2
fara-7b,C0,Amazon--32,01,1143
fara-7b,C0,Amazon--32,02,1742
fara-7b,C0,Amazon--32,03,1388
fara-7b,C0,Apple--29,01,403
fara-7b,C0,ArXiv--17,01,133
fara-7b,C0,ArXiv--17,02,127
fara-7b,C0,ArXiv--17,03,122
fara-7b,C0,Booking--3,01,784
fara-7b,C0,Booking--3,02,668
fara-7b,C0,Booking--3,03,746
fara-7b,C0,Coursera--21,01,889
fara-7b,C0,Coursera--21,02,567
fara-7b,C0,Coursera--21,03,603
fara-7b,C0,GitHub--35,01,269
fara-7b,C0,Google_Flights--34,01,109
fara-7b,C0,Google_Map--35,01,376
fara-7b,C0,Google_Map--35,02,1597
fara-7b,C0,Google_Map--35,03,839
fara-7b,C0,Google_Search--28,01,197
fara-7b,C0,Google_Search--28,02,3405
fara-7b,C0,Google_Search--28,03,199
fara-7b,C0,Huggingface--14,01,39
fara-7b,C1,Amazon--32,01,1121
fara-7b,C1,Apple--29,01,256
fara-7b,C1,ArXiv--17,01,23
fara-7b,C1,Booking--3,01,680
fara-7b,C1,Coursera--21,01,548
fara-7b,C1,GitHub--35,01,68
fara-7b,C1,Google_Flights--34,01,109
fara-7b,C1,Google_Map--35,01,1332
fara-7b,C1,Google_Search--28,01,144
fara-7b,C1,Huggingface--14,01,39
fara-7b,C1P,Amazon--32,01,1095
fara-7b,C1P,Amazon--32,02,1259
fara-7b,C1P,Apple--29,01,337
fara-7b,C1P,Apple--29,02,343
fara-7b,C1P,ArXiv--17,01,2
fara-7b,C1P,ArXiv--17,02,15
fara-7b,C1P,Booking--3,01,919
fara-7b,C1P,Booking--3,02,883
fara-7b,C1P,Coursera--21,01,979
fara-7b,C1P,Coursera--21,02,961
fara-7b,C1P,GitHub--35,01,23
fara-7b,C1P,GitHub--35,02,105
fara-7b,C1P,Google_Flights--34,01,129
fara-7b,C1P,Google_Flights--34,02,150
fara-7b,C1P,Google_Map--35,01,582
fara-7b,C1P,Google_Map--35,02,244
fara-7b,C1P,Google_Search--28,01,147
fara-7b,C1P,Google_Search--28,02,149
fara-7b,C1P,Huggingface--14,01,36
fara-7b,C1P,Huggingface--14,02,35
fara-7b,C1S,Amazon--32,01,713
fara-7b,C1S,Amazon--32,02,1478
fara-7b,C1S,Apple--29,01,360
fara-7b,C1S,Apple--29,02,340
fara-7b,C1S,ArXiv--17,01,16
fara-7b,C1S,ArXiv--17,02,2
fara-7b,C1S,Booking--3,01,1445
fara-7b,C1S,Booking--3,02,968
fara-7b,C1S,Coursera--21,01,977
fara-7b,C1S,Coursera--21,02,874
fara-7b,C1S,GitHub--35,01,76
fara-7b,C1S,GitHub--35,02,72
fara-7b,C1S,Google_Flights--34,01,122
fara-7b,C1S,Google_Flights--34,02,122
fara-7b,C1S,Google_Map--35,01,369
fara-7b,C1S,Google_Map--35,02,372
fara-7b,C1S,Google_Search--28,01,188
fara-7b,C1S,Google_Search--28,02,4758
fara-7b,C1S,Huggingface--14,01,37
fara-7b,C1S,Huggingface--14,02,22
fara-7b,C2,Amazon--32,01,1091
fara-7b,C2,Amazon--32,02,701
fara-7b,C2,Amazon--32,03,1218
fara-7b,C2,Apple--29,01,315
fara-7b,C2,ArXiv--17,01,14
fara-7b,C2,ArXiv--17,02,17
fara-7b,C2,ArXiv--17,03,14
fara-7b,C2,Booking--3,01,677
fara-7b,C2,Booking--3,02,602
fara-7b,C2,Booking--3,03,643
fara-7b,C2,Coursera--21,01,888
fara-7b,C2,Coursera--21,02,863
fara-7b,C2,Coursera--21,03,843
fara-7b,C2,GitHub--35,01,29
fara-7b,C2,Google_Flights--34,01,103
fara-7b,C2,Google_Map--35,01,298
fara-7b,C2,Google_Map--35,02,324
fara-7b,C2,Google_Map--35,03,288
fara-7b,C2,Google_Search--28,01,82
fara-7b,C2,Google_Search--28,02,58
fara-7b,C2,Google_Search--28,03,83
fara-7b,C2,Huggingface--14,01,32
fara-7b,C2P,Amazon--32,01,634
fara-7b,C2P,Amazon--32,02,894
fara-7b,C2P,Apple--29,01,355
fara-7b,C2P,Apple--29,02,341
fara-7b,C2P,ArXiv--17,01,2
fara-7b,C2P,ArXiv--17,02,18
fara-7b,C2P,Booking--3,01,791
fara-7b,C2P,Booking--3,02,943
fara-7b,C2P,Coursera--21,01,876
fara-7b,C2P,Coursera--21,02,981
fara-7b,C2P,GitHub--35,01,30
fara-7b,C2P,GitHub--35,02,21
fara-7b,C2P,Google_Flights--34,01,145
fara-7b,C2P,Google_Flights--34,02,144
fara-7b,C2P,Google_Map--35,01,398
fara-7b,C2P,Google_Map--35,02,320
fara-7b,C2P,Google_Search--28,01,83
fara-7b,C2P,Google_Search--28,02,88
fara-7b,C2P,Huggingface--14,01,28
fara-7b,C2P,Huggingface--14,02,31
fara-7b,C2S,Amazon--32,01,1113
fara-7b,C2S,Amazon--32,02,905
fara-7b,C2S,Apple--29,01,650
fara-7b,C2S,Apple--29,02,583
fara-7b,C2S,ArXiv--17,01,123
fara-7b,C2S,ArXiv--17,02,124
fara-7b,C2S,Booking--3,01,1018
fara-7b,C2S,Booking--3,02,852
fara-7b,C2S,Coursera--21,01,973
fara-7b,C2S,Coursera--21,02,974
fara-7b,C2S,GitHub--35,01,672
fara-7b,C2S,GitHub--35,02,946
fara-7b,C2S,Google_Flights--34,01,119
fara-7b,C2S,Google_Flights--34,02,103
fara-7b,C2S,Google_Map--35,01,477
fara-7b,C2S,Google_Map--35,02,546
fara-7b,C2S,Google_Search--28,01,329
fara-7b,C2S,Google_Search--28,02,416
fara-7b,C2S,Huggingface--14,01,33
fara-7b,C2S,Huggingface--14,02,35
fara-7b,C3,Amazon--32,01,526
fara-7b,C3,Apple--29,01,221
fara-7b,C3,ArXiv--17,01,30
fara-7b,C3,Booking--3,01,291
fara-7b,C3,Coursera--21,01,749
fara-7b,C3,GitHub--35,01,80
fara-7b,C3,Google_Flights--34,01,109
fara-7b,C3,Google_Map--35,01,288
fara-7b,C3,Google_Search--28,01,181
fara-7b,C3,Huggingface--14,01,34
fara-7b,C4,Amazon--32,01,1155
fara-7b,C4,Apple--29,01,355
fara-7b,C4,ArXiv--17,01,116
fara-7b,C4,Booking--3,01,520
fara-7b,C4,Coursera--21,01,111
fara-7b,C4,GitHub--35,01,203
fara-7b,C4,Google_Flights--34,01,109
fara-7b,C4,Google_Map--35,01,584
fara-7b,C4,Google_Search--28,01,287
fara-7b,C4,Huggingface--14,01,39
fara-7b,C5,Amazon--32,01,1256
fara-7b,C5,Apple--29,01,356
fara-7b,C5,ArXiv--17,01,2
fara-7b,C5,Booking--3,01,784
fara-7b,C5,Coursera--21,01,892
fara-7b,C5,GitHub--35,01,351
fara-7b,C5,Google_Flights--34,01,82
fara-7b,C5,Google_Map--35,01,349
fara-7b,C5,Google_Search--28,01,377
fara-7b,C5,Huggingface--14,01,39
fara-7b,C6,Amazon--32,01,1992
fara-7b,C6,Apple--29,01,348
fara-7b,C6,ArXiv--17,01,2
fara-7b,C6,Booking--3,01,509
fara-7b,C6,Coursera--21,01,183
fara-7b,C6,GitHub--35,01,74
fara-7b,C6,Google_Flights--34,01,96
fara-7b,C6,Google_Map--35,01,1742
fara-7b,C6,Google_Search--28,01,3421
fara-7b,C6,Huggingface--14,01,41
fara-7b,C7,Amazon--32,01,1106
fara-7b,C7,Amazon--32,02,838
fara-7b,C7,Amazon--32,03,909
fara-7b,C7,Apple--29,01,335
fara-7b,C7,ArXiv--17,01,2
fara-7b,C7,ArXiv--17,02,16
fara-7b,C7,ArXiv--17,03,14
fara-7b,C7,Booking--3,01,535
fara-7b,C7,Booking--3,02,486
fara-7b,C7,Booking--3,03,453
fara-7b,C7,Coursera--21,01,152
fara-7b,C7,Coursera--21,02,178
fara-7b,C7,Coursera--21,03,177
fara-7b,C7,GitHub--35,01,49
fara-7b,C7,Google_Flights--34,01,88
fara-7b,C7,Google_Map--35,01,408
fara-7b,C7,Google_Map--35,02,296
fara-7b,C7,Google_Map--35,03,295
fara-7b,C7,Google_Search--28,01,139
fara-7b,C7,Google_Search--28,02,83
fara-7b,C7,Google_Search--28,03,83
fara-7b,C7,Huggingface--14,01,32
fara-7b,C8,Amazon--32,01,1386
fara-7b,C8,Amazon--32,02,559
fara-7b,C8,Amazon--32,03,532
fara-7b,C8,Apple--29,01,89
fara-7b,C8,ArXiv--17,01,21
fara-7b,C8,ArXiv--17,02,19
fara-7b,C8,ArXiv--17,03,0
fara-7b,C8,Booking--3,01,456
fara-7b,C8,Booking--3,02,267
fara-7b,C8,Booking--3,03,393
fara-7b,C8,Coursera--21,01,182
fara-7b,C8,Coursera--21,02,189
fara-7b,C8,Coursera--21,03,111
fara-7b,C8,GitHub--35,01,81
fara-7b,C8,Google_Flights--34,01,103
fara-7b,C8,Google_Map--35,01,361
fara-7b,C8,Google_Map--35,02,303
fara-7b,C8,Google_Map--35,03,272
fara-7b,C8,Google_Search--28,01,128
fara-7b,C8,Google_Search--28,02,76
fara-7b,C8,Google_Search--28,03,181
fara-7b,C8,Huggingface--14,01,35
